{
    "A": [
        [
            0.0, 
            0.2, 
            0.4, 
            0.6, 
            0.8, 
            1.0
        ], 
        [
            0.0, 
            0.8655621301775149, 
            0.9528284023668641, 
            0.8140059171597633, 
            0.4105621301775149, 
            0.0
        ]
    ], 
    "C": [
        [
            0.0, 
            0.2, 
            0.4, 
            0.6, 
            0.8, 
            1.0
        ], 
        [
            0.0, 
            0.8089453551912564, 
            0.959863387978142, 
            0.8603114754098363, 
            0.5092622950819673, 
            0.0
        ]
    ], 
    "B": [
        [
            0.0, 
            0.2, 
            0.4, 
            0.6, 
            0.8, 
            1.0
        ], 
        [
            0.0, 
            0.8484592592592598, 
            0.9564851851851849, 
            0.8410518518518516, 
            0.4704666666666667, 
            0.0
        ]
    ], 
    "E": [
        [
            0.0, 
            0.8, 
            0.6, 
            0.4, 
            0.2, 
            0.0
        ], 
        [
            0.0, 
            0.698, 
            0.923, 
            0.902, 
            0.55, 
            0.0
        ]
    ], 
    "D": [
        [
            0.0, 
            0.2, 
            0.4, 
            0.6, 
            0.8, 
            1.0
        ], 
        [
            0.0, 
            0.7192222222222222, 
            0.9469722222222221, 
            0.8903333333333333, 
            0.5323888888888889, 
            0.0
        ]
    ], 
    "S": [
        [
            0.0, 
            0.2, 
            0.4, 
            0.6, 
            0.8, 
            1.0
        ], 
        [
            0.0, 
            0.8, 
            0.6, 
            0.4, 
            0.2, 
            0.0
        ]
    ]
}